Part Number,Brand Label,Category (PCDB),Short Description,Title,Retail,MAP,Primary
16060,Air Lift,Suspension,Compressor System,Air Lift 16060 Black electric 12V Standard Air Compressor,104.17,,https://1ddf4b1b856a39e33863-d785dc0e3b62b5e0ef07f55db00b0659.ssl.cf2.rackcdn.com/Air Lift Company/16060_v1_20120101.jpg
16130,Air Lift,Suspension,Electric Air Comp.,Air Lift 16130 12 VOLT COMPRESSOR,208.57,,https://1ddf4b1b856a39e33863-d785dc0e3b62b5e0ef07f55db00b0659.ssl.cf2.rackcdn.com/Air Lift Company/16130_v1_20120101.jpg
16190,Air Lift,Suspension,Viair Air Compressor,Air Lift 16190 12 VOLT COMPRESSOR,348.38,,https://1ddf4b1b856a39e33863-d785dc0e3b62b5e0ef07f55db00b0659.ssl.cf2.rackcdn.com/Air Lift Company/16190_v1_20111211.jpg
22007,Air Lift,Suspension,Replacement Airline,Air Lift 22007 Replacement Airline Kit,40.28,,https://1ddf4b1b856a39e33863-d785dc0e3b62b5e0ef07f55db00b0659.ssl.cf2.rackcdn.com/Air Lift Company/22007_v1_20110128.jpg
22022,Air Lift,Suspension,Susp Air Comp Line,Air Lift 22022 REPLACEMENT HOSE KIT,52.88,,https://1ddf4b1b856a39e33863-d785dc0e3b62b5e0ef07f55db00b0659.ssl.cf2.rackcdn.com/Air Lift Company/22022_v1_20110129.jpg
22030,Air Lift,Suspension,Susp Air Comp Line,Air Lift 22030 REPLACEMENT HOSE KIT,44.06,,https://1ddf4b1b856a39e33863-d785dc0e3b62b5e0ef07f55db00b0659.ssl.cf2.rackcdn.com/Air Lift Company/22030_v1_20120101.jpg
25301,Air Lift,Suspension,Susp Air Comp Line,Air Lift 25301 REPLACEMENT HOSE KIT,140.90,,https://1ddf4b1b856a39e33863-d785dc0e3b62b5e0ef07f55db00b0659.ssl.cf2.rackcdn.com/Air Lift Company/25301_v1.jpg
25490,Air Lift,Suspension,On-board Air Kit,Air Lift 25490 SmartAir II (Single Path),751.92,,https://1ddf4b1b856a39e33863-d785dc0e3b62b5e0ef07f55db00b0659.ssl.cf2.rackcdn.com/Air Lift Company/25490_v1_20140101.jpg
25491,Air Lift,Suspension,On-board Air Kit,Air Lift 25491 SmartAir II (Dual Path),1497.96,,https://1ddf4b1b856a39e33863-d785dc0e3b62b5e0ef07f55db00b0659.ssl.cf2.rackcdn.com/Air Lift Company/25491_v1_20160101.jpg
25572,Air Lift,Suspension,On-board Air Kit,Air Lift 25572 QuickShot,1124.44,,https://1ddf4b1b856a39e33863-d785dc0e3b62b5e0ef07f55db00b0659.ssl.cf2.rackcdn.com/Air Lift Company/25572_v1_20150101.jpg
25592,Air Lift,Suspension,On-board Air Kit,Air Lift 25592 LoadController Single Gauge,401.59,,https://1ddf4b1b856a39e33863-d785dc0e3b62b5e0ef07f55db00b0659.ssl.cf2.rackcdn.com/Air Lift Company/25592_v1_20170101.jpg
25651,Air Lift,Suspension,On-board Air Kit,Air Lift 25651 LoadController (Panel, Dual Path, Heavy Duty),847.80,,https://1ddf4b1b856a39e33863-d785dc0e3b62b5e0ef07f55db00b0659.ssl.cf2.rackcdn.com/Air Lift Company/25651_v1_20170101.jpg
25655,Air Lift,Suspension,On-board Air Kit,Air Lift 25655 LoadController I Cab Control Single Gauge,633.63,,https://1ddf4b1b856a39e33863-d785dc0e3b62b5e0ef07f55db00b0659.ssl.cf2.rackcdn.com/Air Lift Company/25655_v1_20170101.jpg
25690,Air Lift,Suspension,On-board Air Kit,Air Lift 25690 Quickshot Compressor System- Single Path,919.19,,https://1ddf4b1b856a39e33863-d785dc0e3b62b5e0ef07f55db00b0659.ssl.cf2.rackcdn.com/Air Lift Company/25690_v1.jpg
25801,Air Lift,Suspension,Susp Air Comp Kit,Air Lift 25801 Load Controller I Front Air Spring ADD On,283.79,,https://1ddf4b1b856a39e33863-d785dc0e3b62b5e0ef07f55db00b0659.ssl.cf2.rackcdn.com/Air Lift Company/25801_v1_20111104.jpg
25802,Air Lift,Suspension,Susp Air Comp Kit,Air Lift 25802 LOAD CONTROLLER I FRONT AIR SPRING ADD ON,431.03,,https://1ddf4b1b856a39e33863-d785dc0e3b62b5e0ef07f55db00b0659.ssl.cf2.rackcdn.com/Air Lift Company/25802_v1_20170101.jpg
25804,Air Lift,Suspension,Susp Air Comp Kit,Air Lift 25804 Air Shock Controller,272.91,,https://1ddf4b1b856a39e33863-d785dc0e3b62b5e0ef07f55db00b0659.ssl.cf2.rackcdn.com/Air Lift Company/25804_v1_20150101.jpg
25812,Air Lift,Suspension,Susp Air Comp Kit,Air Lift 25812 LoadController (Panel, Dual Path, Standard Duty),592.58,,https://1ddf4b1b856a39e33863-d785dc0e3b62b5e0ef07f55db00b0659.ssl.cf2.rackcdn.com/Air Lift Company/25812_v1_20170101.jpg
25850,Air Lift,Suspension,On-board Air Kit,Air Lift 25850 LoadController (Compact, Single Path, Standard Duty),422.12,,https://1ddf4b1b856a39e33863-d785dc0e3b62b5e0ef07f55db00b0659.ssl.cf2.rackcdn.com/Air Lift Company/25850_v1_20170101.jpg
25852,Air Lift,Suspension,On-board Air Kit,Air Lift 25852 LoadController (Compact, Dual Path, Standard Duty),685.37,,https://1ddf4b1b856a39e33863-d785dc0e3b62b5e0ef07f55db00b0659.ssl.cf2.rackcdn.com/Air Lift Company/25852_v1_20170101.jpg
25854,Air Lift,Suspension,On-board Air Kit,Air Lift 25854 LoadController (Compact, Single Path, Heavy Duty),486.37,,https://1ddf4b1b856a39e33863-d785dc0e3b62b5e0ef07f55db00b0659.ssl.cf2.rackcdn.com/Air Lift Company/25854_v1_20170101.jpg
25856,Air Lift,Suspension,On-board Air Kit,Air Lift 25856 LoadController (Compact, Dual Path, Heavy Duty),740.71,,https://1ddf4b1b856a39e33863-d785dc0e3b62b5e0ef07f55db00b0659.ssl.cf2.rackcdn.com/Air Lift Company/25856_v1_20170101.jpg
25980,Air Lift,Suspension,WirelessOne,Air Lift 25980 WirelessOne,725.10,,https://1ddf4b1b856a39e33863-d785dc0e3b62b5e0ef07f55db00b0659.ssl.cf2.rackcdn.com/Air Lift Company/25980_v1.jpg
25980EZ,Air Lift,Suspension,WirelessOne,Air Lift 25980EZ WirelessOne with EZ Mount,938.14,,https://1ddf4b1b856a39e33863-d785dc0e3b62b5e0ef07f55db00b0659.ssl.cf2.rackcdn.com/Air Lift Company/25980EZ_v1.jpg
50200,Air Lift,Suspension,Sus Air Bag/Sleeve,Air Lift 50200 Replacement Sleeve,218.16,,https://1ddf4b1b856a39e33863-d785dc0e3b62b5e0ef07f55db00b0659.ssl.cf2.rackcdn.com/Air Lift Company/50200_v1_20110606.jpg
50201,Air Lift,Suspension,Susp Air Bag/Sleeve,Air Lift 50201 REPLACEMENT SLEEVE,198.51,,https://1ddf4b1b856a39e33863-d785dc0e3b62b5e0ef07f55db00b0659.ssl.cf2.rackcdn.com/Air Lift Company/50201_v1_20120101.jpg
50202,Air Lift,Suspension,Susp Air Bag/Bellows,Air Lift 50202 REPLACEMENT BELLOWS,99.83,,https://1ddf4b1b856a39e33863-d785dc0e3b62b5e0ef07f55db00b0659.ssl.cf2.rackcdn.com/Air Lift Company/50200_v1_20110606.jpg
50203,Air Lift,Suspension,Susp Air Bag/Bellows,Air Lift 50203 REPLACEMENT SLEEVE,151.37,,https://1ddf4b1b856a39e33863-d785dc0e3b62b5e0ef07f55db00b0659.ssl.cf2.rackcdn.com/Air Lift Company/50203_v1_20120101.jpg
50207,Air Lift,Suspension,Susp Air Bag/Bellows,Air Lift 50207 REPLACEMENT SLEEVE,198.59,,https://1ddf4b1b856a39e33863-d785dc0e3b62b5e0ef07f55db00b0659.ssl.cf2.rackcdn.com/Air Lift Company/50207_v1_20140101.jpg
50208,Air Lift,Suspension,Susp Air Bag/Bellows,Air Lift 50208 REPLACEMENT BELLOWS,151.37,,https://1ddf4b1b856a39e33863-d785dc0e3b62b5e0ef07f55db00b0659.ssl.cf2.rackcdn.com/Air Lift Company/50200_v1_20110606.jpg
